번호,시간,회사명,공시제목,제출인,차트/주가
18367,2026-02-20 10:23,DB손해보험,주식선물 2단계 가격제한폭 확대요건 도달(상승),파생상품시장본부,공시차트  주가차트
18366,2026-02-20 10:19,달바글로벌,연결재무제표기준영업(잠정)실적(공정공시),달바글로벌,공시차트  주가차트
18365,2026-02-20 10:17,포스코인터내셔널,주식선물ㆍ주식옵션 2단계 가격제한폭 확대요건 도달(상승),파생상품시장본부,공시차트  주가차트
18364,2026-02-20 10:15,아이에스티이,단일판매ㆍ공급계약체결,아이에스티이,공시차트  주가차트
18363,2026-02-20 10:09,세아메카닉스,임원ㆍ주요주주특정증권등소유상황보고서,이진수,공시차트  주가차트
18362,2026-02-20 10:09,한화생명,주식선물 3단계 가격제한폭 확대요건 도달(상승),파생상품시장본부,공시차트  주가차트
18361,2026-02-20 10:08,성문전자,현금ㆍ현물 배당 결정,성문전자,공시차트  주가차트
18360,2026-02-20 10:05,디지털대성,신탁계약에의한 취득 상황보고서,디지털대성,공시차트  주가차트
18359,2026-02-20 10:05,성문전자,매출액또는손익구조30%(대규모법인은15%)이상변경,성문전자,공시차트  주가차트
18358,2026-02-20 10:03,수성웹툰,주식등의대량보유상황보고서(일반),투믹스홀딩스,공시차트  주가차트
18357,2026-02-20 10:03,현대해상,주식선물 2단계 가격제한폭 확대요건 도달(상승),파생상품시장본부,공시차트  주가차트
18356,2026-02-20 10:01,STX엔진,결산실적공시 예고(안내공시),STX엔진,공시차트  주가차트
18355,2026-02-20 09:58,PLUS 미국S&P500미국채혼합50액티브,ETF지수 이용 또는 산출의 일시적 중단 및 오류 발생/해소 안내,한화자산운용,공시차트  주가차트
18354,2026-02-20 09:52,KIWOOM TDF2050액티브,ETF지수 이용 또는 산출의 일시적 중단 및 오류 발생/해소 안내,키움투자자산운용,공시차트  주가차트
18353,2026-02-20 09:48,KIWOOM TDF2040액티브,ETF지수 이용 또는 산출의 일시적 중단 및 오류 발생/해소 안내,키움투자자산운용,공시차트  주가차트
